SET IDENTITY_INSERT [dbo].[Teams] ON
INSERT INTO [dbo].[Teams] ([Id], [Name]) VALUES (1, N'Oswestry FC')
INSERT INTO [dbo].[Teams] ([Id], [Name]) VALUES (2, N'Los Perros')
INSERT INTO [dbo].[Teams] ([Id], [Name]) VALUES (3, N'TwoFourNine')
INSERT INTO [dbo].[Teams] ([Id], [Name]) VALUES (4, N'Sale FC')
INSERT INTO [dbo].[Teams] ([Id], [Name]) VALUES (5, N'Brow Boys')
INSERT INTO [dbo].[Teams] ([Id], [Name]) VALUES (6, N'Bin Slippers')
INSERT INTO [dbo].[Teams] ([Id], [Name]) VALUES (7, N'Stamford Rejects')
INSERT INTO [dbo].[Teams] ([Id], [Name]) VALUES (8, N'Points Match')
SET IDENTITY_INSERT [dbo].[Teams] OFF

SET IDENTITY_INSERT [dbo].[Players] ON
INSERT INTO [dbo].[Players] ([Id], [Name], [Position], [TeamId]) VALUES (1, N'Jake Heaney', N'GK', 1)
INSERT INTO [dbo].[Players] ([Id], [Name], [Position], [TeamId]) VALUES (2, N'George Turner', N'FWD', 1)
INSERT INTO [dbo].[Players] ([Id], [Name], [Position], [TeamId]) VALUES (3, N'Harry Garthwaite', N'FWD', 1)
INSERT INTO [dbo].[Players] ([Id], [Name], [Position], [TeamId]) VALUES (4, N'David Price', N'DEF', 1)
INSERT INTO [dbo].[Players] ([Id], [Name], [Position], [TeamId]) VALUES (5, N'Andy Cooling', N'MID', 1)
INSERT INTO [dbo].[Players] ([Id], [Name], [Position], [TeamId]) VALUES (6, N'Luke Sams', N'MID', 1)
INSERT INTO [dbo].[Players] ([Id], [Name], [Position], [TeamId]) VALUES (7, N'Paul Durney', N'DEF', 1)
INSERT INTO [dbo].[Players] ([Id], [Name], [Position], [TeamId]) VALUES (8, N'Matt Turner', N'DEF', 1)
INSERT INTO [dbo].[Players] ([Id], [Name], [Position], [TeamId]) VALUES (9, N'Iain Beddow', N'MID', 1)
INSERT INTO [dbo].[Players] ([Id], [Name], [Position], [TeamId]) VALUES (10, N'Ed', N'FWD', 1)
INSERT INTO [dbo].[Players] ([Id], [Name], [Position], [TeamId]) VALUES (11, N'Ben Davies', N'FWD', 1)
INSERT INTO [dbo].[Players] ([Id], [Name], [Position], [TeamId]) VALUES (12, N'Joe ?', N'FWD', 1)
INSERT INTO [dbo].[Players] ([Id], [Name], [Position], [TeamId]) VALUES (13, N'Ringer', N'MID', 1)
SET IDENTITY_INSERT [dbo].[Players] OFF

SET IDENTITY_INSERT [dbo].[Users] ON
INSERT INTO [dbo].[Users] ([Id], [Username], [PasswordHash], [PlayerId], [TeamId]) VALUES (1, N'JakeH', N'7NcYcNGWMxapfjrDQIyYNa2M8PPBvHA1J8MCZVNPda4=', 1, 1)
INSERT INTO [dbo].[Users] ([Id], [Username], [PasswordHash], [PlayerId], [TeamId]) VALUES (2, N'MattT', N'7NcYcNGWMxapfjrDQIyYNa2M8PPBvHA1J8MCZVNPda4=', 8, 1)
SET IDENTITY_INSERT [dbo].[Users] OFF

SET IDENTITY_INSERT [dbo].[Seasons] ON
INSERT INTO [dbo].[Seasons] ([Id], [Name], [StartDate], [EndDate]) VALUES (1, N'Season 1', N'2025-03-13 00:00:00', N'2025-06-21 00:00:00')
INSERT INTO [dbo].[Seasons] ([Id], [Name], [StartDate], [EndDate]) VALUES (2, N'Season 2', N'2025-06-21 00:00:00', N'2025-10-01 00:00:00')
SET IDENTITY_INSERT [dbo].[Seasons] OFF


SET IDENTITY_INSERT [dbo].[Matches] ON
INSERT INTO [dbo].[Matches] ([Id], [Kickoff], [HomeTeamId], [AwayTeamId], [HomeTeamGoals], [AwayTeamGoals], [SeasonId]) VALUES (1, N'2025-03-13 20:30:00', 4, 1, 0, 5, 1)
INSERT INTO [dbo].[Matches] ([Id], [Kickoff], [HomeTeamId], [AwayTeamId], [HomeTeamGoals], [AwayTeamGoals], [SeasonId]) VALUES (2, N'2025-03-20 19:00:00', 6, 1, 1, 5, 1)
INSERT INTO [dbo].[Matches] ([Id], [Kickoff], [HomeTeamId], [AwayTeamId], [HomeTeamGoals], [AwayTeamGoals], [SeasonId]) VALUES (3, N'2025-03-27 20:30:00', 1, 2, 0, 5, 1)
INSERT INTO [dbo].[Matches] ([Id], [Kickoff], [HomeTeamId], [AwayTeamId], [HomeTeamGoals], [AwayTeamGoals], [SeasonId]) VALUES (4, N'2025-04-03 19:30:00', 5, 1, 1, 0, 1)
INSERT INTO [dbo].[Matches] ([Id], [Kickoff], [HomeTeamId], [AwayTeamId], [HomeTeamGoals], [AwayTeamGoals], [SeasonId]) VALUES (5, N'2025-04-10 20:00:00', 1, 3, 2, 3, 1)
INSERT INTO [dbo].[Matches] ([Id], [Kickoff], [HomeTeamId], [AwayTeamId], [HomeTeamGoals], [AwayTeamGoals], [SeasonId]) VALUES (6, N'2025-04-17 20:00:00', 8, 1, 0, 5, 1)
INSERT INTO [dbo].[Matches] ([Id], [Kickoff], [HomeTeamId], [AwayTeamId], [HomeTeamGoals], [AwayTeamGoals], [SeasonId]) VALUES (7, N'2025-04-24 19:00:00', 1, 7, 3, 0, 1)
INSERT INTO [dbo].[Matches] ([Id], [Kickoff], [HomeTeamId], [AwayTeamId], [HomeTeamGoals], [AwayTeamGoals], [SeasonId]) VALUES (8, N'2025-04-24 19:30:00', 1, 6, 1, 0, 1)
INSERT INTO [dbo].[Matches] ([Id], [Kickoff], [HomeTeamId], [AwayTeamId], [HomeTeamGoals], [AwayTeamGoals], [SeasonId]) VALUES (9, N'2025-05-01 20:30:00', 1, 4, 0, 0, 1)
SET IDENTITY_INSERT [dbo].[Matches] OFF

SET IDENTITY_INSERT [dbo].[PerformanceStats] ON
INSERT INTO [dbo].[PerformanceStats] ([Id], [MatchId], [PlayerId], [Appearance], [Goals], [Assists], [YellowCard], [RedCard], [PenaltySaves], [CleanSheet], [PenaltyMissed]) VALUES (1, 1, 1, 1, 0, 1, 0, 0, 0, 0, 0)
INSERT INTO [dbo].[PerformanceStats] ([Id], [MatchId], [PlayerId], [Appearance], [Goals], [Assists], [YellowCard], [RedCard], [PenaltySaves], [CleanSheet], [PenaltyMissed]) VALUES (2, 1, 2, 0, 0, 0, 0, 0, 0, 0, 0)
INSERT INTO [dbo].[PerformanceStats] ([Id], [MatchId], [PlayerId], [Appearance], [Goals], [Assists], [YellowCard], [RedCard], [PenaltySaves], [CleanSheet], [PenaltyMissed]) VALUES (3, 1, 3, 1, 1, 1, 0, 0, 0, 0, 0)
INSERT INTO [dbo].[PerformanceStats] ([Id], [MatchId], [PlayerId], [Appearance], [Goals], [Assists], [YellowCard], [RedCard], [PenaltySaves], [CleanSheet], [PenaltyMissed]) VALUES (4, 1, 4, 1, 0, 0, 0, 0, 0, 0, 0)
INSERT INTO [dbo].[PerformanceStats] ([Id], [MatchId], [PlayerId], [Appearance], [Goals], [Assists], [YellowCard], [RedCard], [PenaltySaves], [CleanSheet], [PenaltyMissed]) VALUES (5, 1, 5, 1, 2, 0, 0, 0, 0, 0, 0)
INSERT INTO [dbo].[PerformanceStats] ([Id], [MatchId], [PlayerId], [Appearance], [Goals], [Assists], [YellowCard], [RedCard], [PenaltySaves], [CleanSheet], [PenaltyMissed]) VALUES (6, 1, 6, 0, 0, 0, 0, 0, 0, 0, 0)
INSERT INTO [dbo].[PerformanceStats] ([Id], [MatchId], [PlayerId], [Appearance], [Goals], [Assists], [YellowCard], [RedCard], [PenaltySaves], [CleanSheet], [PenaltyMissed]) VALUES (7, 1, 7, 0, 0, 0, 0, 0, 0, 0, 0)
INSERT INTO [dbo].[PerformanceStats] ([Id], [MatchId], [PlayerId], [Appearance], [Goals], [Assists], [YellowCard], [RedCard], [PenaltySaves], [CleanSheet], [PenaltyMissed]) VALUES (8, 1, 8, 0, 0, 0, 0, 0, 0, 0, 0)
INSERT INTO [dbo].[PerformanceStats] ([Id], [MatchId], [PlayerId], [Appearance], [Goals], [Assists], [YellowCard], [RedCard], [PenaltySaves], [CleanSheet], [PenaltyMissed]) VALUES (9, 1, 9, 1, 0, 0, 0, 0, 0, 0, 0)
INSERT INTO [dbo].[PerformanceStats] ([Id], [MatchId], [PlayerId], [Appearance], [Goals], [Assists], [YellowCard], [RedCard], [PenaltySaves], [CleanSheet], [PenaltyMissed]) VALUES (10, 1, 10, 0, 0, 0, 0, 0, 0, 0, 0)
INSERT INTO [dbo].[PerformanceStats] ([Id], [MatchId], [PlayerId], [Appearance], [Goals], [Assists], [YellowCard], [RedCard], [PenaltySaves], [CleanSheet], [PenaltyMissed]) VALUES (11, 1, 11, 0, 0, 0, 0, 0, 0, 0, 0)
INSERT INTO [dbo].[PerformanceStats] ([Id], [MatchId], [PlayerId], [Appearance], [Goals], [Assists], [YellowCard], [RedCard], [PenaltySaves], [CleanSheet], [PenaltyMissed]) VALUES (12, 1, 12, 0, 0, 0, 0, 0, 0, 0, 0)
INSERT INTO [dbo].[PerformanceStats] ([Id], [MatchId], [PlayerId], [Appearance], [Goals], [Assists], [YellowCard], [RedCard], [PenaltySaves], [CleanSheet], [PenaltyMissed]) VALUES (13, 1, 13, 1, 0, 1, 0, 0, 0, 0, 0)
INSERT INTO [dbo].[PerformanceStats] ([Id], [MatchId], [PlayerId], [Appearance], [Goals], [Assists], [YellowCard], [RedCard], [PenaltySaves], [CleanSheet], [PenaltyMissed]) VALUES (14, 2, 1, 1, 0, 0, 0, 0, 0, 0, 0)
INSERT INTO [dbo].[PerformanceStats] ([Id], [MatchId], [PlayerId], [Appearance], [Goals], [Assists], [YellowCard], [RedCard], [PenaltySaves], [CleanSheet], [PenaltyMissed]) VALUES (15, 2, 2, 0, 0, 0, 0, 0, 0, 0, 0)
INSERT INTO [dbo].[PerformanceStats] ([Id], [MatchId], [PlayerId], [Appearance], [Goals], [Assists], [YellowCard], [RedCard], [PenaltySaves], [CleanSheet], [PenaltyMissed]) VALUES (16, 2, 3, 1, 2, 1, 0, 0, 0, 0, 0)
INSERT INTO [dbo].[PerformanceStats] ([Id], [MatchId], [PlayerId], [Appearance], [Goals], [Assists], [YellowCard], [RedCard], [PenaltySaves], [CleanSheet], [PenaltyMissed]) VALUES (17, 2, 4, 1, 1, 1, 0, 0, 0, 0, 0)
INSERT INTO [dbo].[PerformanceStats] ([Id], [MatchId], [PlayerId], [Appearance], [Goals], [Assists], [YellowCard], [RedCard], [PenaltySaves], [CleanSheet], [PenaltyMissed]) VALUES (18, 2, 5, 0, 0, 0, 0, 0, 0, 0, 0)
INSERT INTO [dbo].[PerformanceStats] ([Id], [MatchId], [PlayerId], [Appearance], [Goals], [Assists], [YellowCard], [RedCard], [PenaltySaves], [CleanSheet], [PenaltyMissed]) VALUES (19, 2, 6, 0, 0, 0, 0, 0, 0, 0, 0)
INSERT INTO [dbo].[PerformanceStats] ([Id], [MatchId], [PlayerId], [Appearance], [Goals], [Assists], [YellowCard], [RedCard], [PenaltySaves], [CleanSheet], [PenaltyMissed]) VALUES (20, 2, 7, 0, 0, 0, 0, 0, 0, 0, 0)
INSERT INTO [dbo].[PerformanceStats] ([Id], [MatchId], [PlayerId], [Appearance], [Goals], [Assists], [YellowCard], [RedCard], [PenaltySaves], [CleanSheet], [PenaltyMissed]) VALUES (21, 2, 8, 0, 0, 0, 0, 0, 0, 0, 0)
INSERT INTO [dbo].[PerformanceStats] ([Id], [MatchId], [PlayerId], [Appearance], [Goals], [Assists], [YellowCard], [RedCard], [PenaltySaves], [CleanSheet], [PenaltyMissed]) VALUES (22, 2, 9, 1, 1, 1, 0, 0, 0, 0, 0)
INSERT INTO [dbo].[PerformanceStats] ([Id], [MatchId], [PlayerId], [Appearance], [Goals], [Assists], [YellowCard], [RedCard], [PenaltySaves], [CleanSheet], [PenaltyMissed]) VALUES (23, 2, 10, 0, 0, 0, 0, 0, 0, 0, 0)
INSERT INTO [dbo].[PerformanceStats] ([Id], [MatchId], [PlayerId], [Appearance], [Goals], [Assists], [YellowCard], [RedCard], [PenaltySaves], [CleanSheet], [PenaltyMissed]) VALUES (24, 2, 11, 0, 0, 0, 0, 0, 0, 0, 0)
INSERT INTO [dbo].[PerformanceStats] ([Id], [MatchId], [PlayerId], [Appearance], [Goals], [Assists], [YellowCard], [RedCard], [PenaltySaves], [CleanSheet], [PenaltyMissed]) VALUES (25, 2, 12, 0, 0, 0, 0, 0, 0, 0, 0)
INSERT INTO [dbo].[PerformanceStats] ([Id], [MatchId], [PlayerId], [Appearance], [Goals], [Assists], [YellowCard], [RedCard], [PenaltySaves], [CleanSheet], [PenaltyMissed]) VALUES (26, 2, 13, 1, 1, 1, 0, 0, 0, 0, 0)
INSERT INTO [dbo].[PerformanceStats] ([Id], [MatchId], [PlayerId], [Appearance], [Goals], [Assists], [YellowCard], [RedCard], [PenaltySaves], [CleanSheet], [PenaltyMissed]) VALUES (27, 3, 1, 1, 0, 0, 0, 0, 0, 0, 0)
INSERT INTO [dbo].[PerformanceStats] ([Id], [MatchId], [PlayerId], [Appearance], [Goals], [Assists], [YellowCard], [RedCard], [PenaltySaves], [CleanSheet], [PenaltyMissed]) VALUES (28, 3, 2, 1, 0, 0, 0, 0, 0, 0, 0)
INSERT INTO [dbo].[PerformanceStats] ([Id], [MatchId], [PlayerId], [Appearance], [Goals], [Assists], [YellowCard], [RedCard], [PenaltySaves], [CleanSheet], [PenaltyMissed]) VALUES (29, 3, 3, 1, 0, 1, 0, 0, 0, 0, 0)
INSERT INTO [dbo].[PerformanceStats] ([Id], [MatchId], [PlayerId], [Appearance], [Goals], [Assists], [YellowCard], [RedCard], [PenaltySaves], [CleanSheet], [PenaltyMissed]) VALUES (30, 3, 4, 1, 1, 0, 0, 0, 0, 0, 0)
INSERT INTO [dbo].[PerformanceStats] ([Id], [MatchId], [PlayerId], [Appearance], [Goals], [Assists], [YellowCard], [RedCard], [PenaltySaves], [CleanSheet], [PenaltyMissed]) VALUES (31, 3, 5, 0, 0, 0, 0, 0, 0, 0, 0)
INSERT INTO [dbo].[PerformanceStats] ([Id], [MatchId], [PlayerId], [Appearance], [Goals], [Assists], [YellowCard], [RedCard], [PenaltySaves], [CleanSheet], [PenaltyMissed]) VALUES (32, 3, 6, 1, 0, 0, 0, 0, 0, 0, 0)
INSERT INTO [dbo].[PerformanceStats] ([Id], [MatchId], [PlayerId], [Appearance], [Goals], [Assists], [YellowCard], [RedCard], [PenaltySaves], [CleanSheet], [PenaltyMissed]) VALUES (33, 3, 7, 0, 0, 0, 0, 0, 0, 0, 0)
INSERT INTO [dbo].[PerformanceStats] ([Id], [MatchId], [PlayerId], [Appearance], [Goals], [Assists], [YellowCard], [RedCard], [PenaltySaves], [CleanSheet], [PenaltyMissed]) VALUES (34, 3, 8, 0, 0, 0, 0, 0, 0, 0, 0)
INSERT INTO [dbo].[PerformanceStats] ([Id], [MatchId], [PlayerId], [Appearance], [Goals], [Assists], [YellowCard], [RedCard], [PenaltySaves], [CleanSheet], [PenaltyMissed]) VALUES (35, 3, 9, 0, 0, 0, 0, 0, 0, 0, 0)
INSERT INTO [dbo].[PerformanceStats] ([Id], [MatchId], [PlayerId], [Appearance], [Goals], [Assists], [YellowCard], [RedCard], [PenaltySaves], [CleanSheet], [PenaltyMissed]) VALUES (36, 3, 10, 0, 0, 0, 0, 0, 0, 0, 0)
INSERT INTO [dbo].[PerformanceStats] ([Id], [MatchId], [PlayerId], [Appearance], [Goals], [Assists], [YellowCard], [RedCard], [PenaltySaves], [CleanSheet], [PenaltyMissed]) VALUES (37, 3, 11, 1, 0, 0, 0, 0, 0, 0, 0)
INSERT INTO [dbo].[PerformanceStats] ([Id], [MatchId], [PlayerId], [Appearance], [Goals], [Assists], [YellowCard], [RedCard], [PenaltySaves], [CleanSheet], [PenaltyMissed]) VALUES (38, 3, 12, 1, 0, 0, 0, 0, 0, 0, 0)
INSERT INTO [dbo].[PerformanceStats] ([Id], [MatchId], [PlayerId], [Appearance], [Goals], [Assists], [YellowCard], [RedCard], [PenaltySaves], [CleanSheet], [PenaltyMissed]) VALUES (39, 3, 13, 0, 0, 0, 0, 0, 0, 0, 0)
INSERT INTO [dbo].[PerformanceStats] ([Id], [MatchId], [PlayerId], [Appearance], [Goals], [Assists], [YellowCard], [RedCard], [PenaltySaves], [CleanSheet], [PenaltyMissed]) VALUES (40, 4, 1, 1, 0, 0, 0, 0, 0, 0, 0)
INSERT INTO [dbo].[PerformanceStats] ([Id], [MatchId], [PlayerId], [Appearance], [Goals], [Assists], [YellowCard], [RedCard], [PenaltySaves], [CleanSheet], [PenaltyMissed]) VALUES (41, 4, 2, 0, 0, 0, 0, 0, 0, 0, 0)
INSERT INTO [dbo].[PerformanceStats] ([Id], [MatchId], [PlayerId], [Appearance], [Goals], [Assists], [YellowCard], [RedCard], [PenaltySaves], [CleanSheet], [PenaltyMissed]) VALUES (42, 4, 3, 1, 0, 0, 0, 0, 0, 0, 0)
INSERT INTO [dbo].[PerformanceStats] ([Id], [MatchId], [PlayerId], [Appearance], [Goals], [Assists], [YellowCard], [RedCard], [PenaltySaves], [CleanSheet], [PenaltyMissed]) VALUES (43, 4, 4, 1, 0, 0, 0, 0, 0, 0, 0)
INSERT INTO [dbo].[PerformanceStats] ([Id], [MatchId], [PlayerId], [Appearance], [Goals], [Assists], [YellowCard], [RedCard], [PenaltySaves], [CleanSheet], [PenaltyMissed]) VALUES (44, 4, 5, 1, 0, 0, 0, 0, 0, 0, 0)
INSERT INTO [dbo].[PerformanceStats] ([Id], [MatchId], [PlayerId], [Appearance], [Goals], [Assists], [YellowCard], [RedCard], [PenaltySaves], [CleanSheet], [PenaltyMissed]) VALUES (45, 4, 6, 1, 0, 0, 1, 0, 0, 0, 0)
INSERT INTO [dbo].[PerformanceStats] ([Id], [MatchId], [PlayerId], [Appearance], [Goals], [Assists], [YellowCard], [RedCard], [PenaltySaves], [CleanSheet], [PenaltyMissed]) VALUES (46, 4, 7, 0, 0, 0, 0, 0, 0, 0, 0)
INSERT INTO [dbo].[PerformanceStats] ([Id], [MatchId], [PlayerId], [Appearance], [Goals], [Assists], [YellowCard], [RedCard], [PenaltySaves], [CleanSheet], [PenaltyMissed]) VALUES (47, 4, 8, 0, 0, 0, 0, 0, 0, 0, 0)
INSERT INTO [dbo].[PerformanceStats] ([Id], [MatchId], [PlayerId], [Appearance], [Goals], [Assists], [YellowCard], [RedCard], [PenaltySaves], [CleanSheet], [PenaltyMissed]) VALUES (48, 4, 9, 1, 0, 0, 0, 0, 0, 0, 0)
INSERT INTO [dbo].[PerformanceStats] ([Id], [MatchId], [PlayerId], [Appearance], [Goals], [Assists], [YellowCard], [RedCard], [PenaltySaves], [CleanSheet], [PenaltyMissed]) VALUES (49, 4, 10, 0, 0, 0, 0, 0, 0, 0, 0)
INSERT INTO [dbo].[PerformanceStats] ([Id], [MatchId], [PlayerId], [Appearance], [Goals], [Assists], [YellowCard], [RedCard], [PenaltySaves], [CleanSheet], [PenaltyMissed]) VALUES (50, 4, 11, 0, 0, 0, 0, 0, 0, 0, 0)
INSERT INTO [dbo].[PerformanceStats] ([Id], [MatchId], [PlayerId], [Appearance], [Goals], [Assists], [YellowCard], [RedCard], [PenaltySaves], [CleanSheet], [PenaltyMissed]) VALUES (51, 4, 12, 1, 0, 0, 0, 0, 0, 0, 0)
INSERT INTO [dbo].[PerformanceStats] ([Id], [MatchId], [PlayerId], [Appearance], [Goals], [Assists], [YellowCard], [RedCard], [PenaltySaves], [CleanSheet], [PenaltyMissed]) VALUES (52, 4, 13, 0, 0, 0, 0, 0, 0, 0, 0)
INSERT INTO [dbo].[PerformanceStats] ([Id], [MatchId], [PlayerId], [Appearance], [Goals], [Assists], [YellowCard], [RedCard], [PenaltySaves], [CleanSheet], [PenaltyMissed]) VALUES (53, 5, 1, 1, 0, 0, 0, 0, 0, 0, 0)
INSERT INTO [dbo].[PerformanceStats] ([Id], [MatchId], [PlayerId], [Appearance], [Goals], [Assists], [YellowCard], [RedCard], [PenaltySaves], [CleanSheet], [PenaltyMissed]) VALUES (54, 5, 2, 0, 0, 0, 0, 0, 0, 0, 0)
INSERT INTO [dbo].[PerformanceStats] ([Id], [MatchId], [PlayerId], [Appearance], [Goals], [Assists], [YellowCard], [RedCard], [PenaltySaves], [CleanSheet], [PenaltyMissed]) VALUES (55, 5, 3, 1, 0, 0, 0, 0, 0, 0, 0)
INSERT INTO [dbo].[PerformanceStats] ([Id], [MatchId], [PlayerId], [Appearance], [Goals], [Assists], [YellowCard], [RedCard], [PenaltySaves], [CleanSheet], [PenaltyMissed]) VALUES (56, 5, 4, 0, 0, 0, 0, 0, 0, 0, 0)
INSERT INTO [dbo].[PerformanceStats] ([Id], [MatchId], [PlayerId], [Appearance], [Goals], [Assists], [YellowCard], [RedCard], [PenaltySaves], [CleanSheet], [PenaltyMissed]) VALUES (57, 5, 5, 1, 1, 0, 0, 0, 0, 0, 0)
INSERT INTO [dbo].[PerformanceStats] ([Id], [MatchId], [PlayerId], [Appearance], [Goals], [Assists], [YellowCard], [RedCard], [PenaltySaves], [CleanSheet], [PenaltyMissed]) VALUES (58, 5, 6, 1, 1, 0, 0, 0, 0, 0, 0)
INSERT INTO [dbo].[PerformanceStats] ([Id], [MatchId], [PlayerId], [Appearance], [Goals], [Assists], [YellowCard], [RedCard], [PenaltySaves], [CleanSheet], [PenaltyMissed]) VALUES (59, 5, 7, 1, 0, 1, 0, 0, 0, 0, 0)
INSERT INTO [dbo].[PerformanceStats] ([Id], [MatchId], [PlayerId], [Appearance], [Goals], [Assists], [YellowCard], [RedCard], [PenaltySaves], [CleanSheet], [PenaltyMissed]) VALUES (60, 5, 8, 0, 0, 0, 0, 0, 0, 0, 0)
INSERT INTO [dbo].[PerformanceStats] ([Id], [MatchId], [PlayerId], [Appearance], [Goals], [Assists], [YellowCard], [RedCard], [PenaltySaves], [CleanSheet], [PenaltyMissed]) VALUES (61, 5, 9, 1, 0, 1, 0, 0, 0, 0, 0)
INSERT INTO [dbo].[PerformanceStats] ([Id], [MatchId], [PlayerId], [Appearance], [Goals], [Assists], [YellowCard], [RedCard], [PenaltySaves], [CleanSheet], [PenaltyMissed]) VALUES (62, 5, 10, 0, 0, 0, 0, 0, 0, 0, 0)
INSERT INTO [dbo].[PerformanceStats] ([Id], [MatchId], [PlayerId], [Appearance], [Goals], [Assists], [YellowCard], [RedCard], [PenaltySaves], [CleanSheet], [PenaltyMissed]) VALUES (63, 5, 11, 0, 0, 0, 0, 0, 0, 0, 0)
INSERT INTO [dbo].[PerformanceStats] ([Id], [MatchId], [PlayerId], [Appearance], [Goals], [Assists], [YellowCard], [RedCard], [PenaltySaves], [CleanSheet], [PenaltyMissed]) VALUES (64, 5, 12, 0, 0, 0, 0, 0, 0, 0, 0)
INSERT INTO [dbo].[PerformanceStats] ([Id], [MatchId], [PlayerId], [Appearance], [Goals], [Assists], [YellowCard], [RedCard], [PenaltySaves], [CleanSheet], [PenaltyMissed]) VALUES (65, 5, 13, 0, 0, 0, 0, 0, 0, 0, 0)
INSERT INTO [dbo].[PerformanceStats] ([Id], [MatchId], [PlayerId], [Appearance], [Goals], [Assists], [YellowCard], [RedCard], [PenaltySaves], [CleanSheet], [PenaltyMissed]) VALUES (66, 6, 1, 1, 0, 1, 0, 0, 1, 1, 0)
INSERT INTO [dbo].[PerformanceStats] ([Id], [MatchId], [PlayerId], [Appearance], [Goals], [Assists], [YellowCard], [RedCard], [PenaltySaves], [CleanSheet], [PenaltyMissed]) VALUES (67, 6, 2, 0, 0, 0, 0, 0, 0, 0, 0)
INSERT INTO [dbo].[PerformanceStats] ([Id], [MatchId], [PlayerId], [Appearance], [Goals], [Assists], [YellowCard], [RedCard], [PenaltySaves], [CleanSheet], [PenaltyMissed]) VALUES (68, 6, 3, 1, 0, 1, 0, 0, 0, 0, 0)
INSERT INTO [dbo].[PerformanceStats] ([Id], [MatchId], [PlayerId], [Appearance], [Goals], [Assists], [YellowCard], [RedCard], [PenaltySaves], [CleanSheet], [PenaltyMissed]) VALUES (69, 6, 4, 0, 0, 0, 0, 0, 0, 0, 0)
INSERT INTO [dbo].[PerformanceStats] ([Id], [MatchId], [PlayerId], [Appearance], [Goals], [Assists], [YellowCard], [RedCard], [PenaltySaves], [CleanSheet], [PenaltyMissed]) VALUES (70, 6, 5, 1, 2, 0, 0, 0, 0, 0, 0)
INSERT INTO [dbo].[PerformanceStats] ([Id], [MatchId], [PlayerId], [Appearance], [Goals], [Assists], [YellowCard], [RedCard], [PenaltySaves], [CleanSheet], [PenaltyMissed]) VALUES (71, 6, 6, 0, 0, 0, 0, 0, 0, 0, 0)
INSERT INTO [dbo].[PerformanceStats] ([Id], [MatchId], [PlayerId], [Appearance], [Goals], [Assists], [YellowCard], [RedCard], [PenaltySaves], [CleanSheet], [PenaltyMissed]) VALUES (72, 6, 7, 1, 0, 0, 0, 0, 0, 0, 0)
INSERT INTO [dbo].[PerformanceStats] ([Id], [MatchId], [PlayerId], [Appearance], [Goals], [Assists], [YellowCard], [RedCard], [PenaltySaves], [CleanSheet], [PenaltyMissed]) VALUES (73, 6, 8, 1, 0, 0, 0, 0, 0, 0, 0)
INSERT INTO [dbo].[PerformanceStats] ([Id], [MatchId], [PlayerId], [Appearance], [Goals], [Assists], [YellowCard], [RedCard], [PenaltySaves], [CleanSheet], [PenaltyMissed]) VALUES (74, 6, 9, 1, 0, 0, 0, 0, 0, 0, 0)
INSERT INTO [dbo].[PerformanceStats] ([Id], [MatchId], [PlayerId], [Appearance], [Goals], [Assists], [YellowCard], [RedCard], [PenaltySaves], [CleanSheet], [PenaltyMissed]) VALUES (75, 6, 10, 0, 0, 0, 0, 0, 0, 0, 0)
INSERT INTO [dbo].[PerformanceStats] ([Id], [MatchId], [PlayerId], [Appearance], [Goals], [Assists], [YellowCard], [RedCard], [PenaltySaves], [CleanSheet], [PenaltyMissed]) VALUES (76, 6, 11, 0, 0, 0, 0, 0, 0, 0, 0)
INSERT INTO [dbo].[PerformanceStats] ([Id], [MatchId], [PlayerId], [Appearance], [Goals], [Assists], [YellowCard], [RedCard], [PenaltySaves], [CleanSheet], [PenaltyMissed]) VALUES (77, 6, 12, 0, 0, 0, 0, 0, 0, 0, 0)
INSERT INTO [dbo].[PerformanceStats] ([Id], [MatchId], [PlayerId], [Appearance], [Goals], [Assists], [YellowCard], [RedCard], [PenaltySaves], [CleanSheet], [PenaltyMissed]) VALUES (78, 6, 13, 0, 0, 0, 0, 0, 0, 0, 0)
INSERT INTO [dbo].[PerformanceStats] ([Id], [MatchId], [PlayerId], [Appearance], [Goals], [Assists], [YellowCard], [RedCard], [PenaltySaves], [CleanSheet], [PenaltyMissed]) VALUES (79, 7, 1, 1, 0, 0, 0, 0, 0, 1, 0)
INSERT INTO [dbo].[PerformanceStats] ([Id], [MatchId], [PlayerId], [Appearance], [Goals], [Assists], [YellowCard], [RedCard], [PenaltySaves], [CleanSheet], [PenaltyMissed]) VALUES (80, 7, 2, 0, 0, 0, 0, 0, 0, 0, 0)
INSERT INTO [dbo].[PerformanceStats] ([Id], [MatchId], [PlayerId], [Appearance], [Goals], [Assists], [YellowCard], [RedCard], [PenaltySaves], [CleanSheet], [PenaltyMissed]) VALUES (81, 7, 3, 1, 1, 1, 0, 0, 0, 0, 0)
INSERT INTO [dbo].[PerformanceStats] ([Id], [MatchId], [PlayerId], [Appearance], [Goals], [Assists], [YellowCard], [RedCard], [PenaltySaves], [CleanSheet], [PenaltyMissed]) VALUES (82, 7, 4, 0, 0, 0, 0, 0, 0, 0, 0)
INSERT INTO [dbo].[PerformanceStats] ([Id], [MatchId], [PlayerId], [Appearance], [Goals], [Assists], [YellowCard], [RedCard], [PenaltySaves], [CleanSheet], [PenaltyMissed]) VALUES (83, 7, 5, 1, 1, 0, 0, 0, 0, 0, 0)
INSERT INTO [dbo].[PerformanceStats] ([Id], [MatchId], [PlayerId], [Appearance], [Goals], [Assists], [YellowCard], [RedCard], [PenaltySaves], [CleanSheet], [PenaltyMissed]) VALUES (84, 7, 6, 1, 1, 1, 0, 0, 0, 0, 0)
INSERT INTO [dbo].[PerformanceStats] ([Id], [MatchId], [PlayerId], [Appearance], [Goals], [Assists], [YellowCard], [RedCard], [PenaltySaves], [CleanSheet], [PenaltyMissed]) VALUES (85, 7, 7, 1, 0, 1, 0, 0, 0, 0, 0)
INSERT INTO [dbo].[PerformanceStats] ([Id], [MatchId], [PlayerId], [Appearance], [Goals], [Assists], [YellowCard], [RedCard], [PenaltySaves], [CleanSheet], [PenaltyMissed]) VALUES (86, 7, 8, 0, 0, 0, 0, 0, 0, 0, 0)
INSERT INTO [dbo].[PerformanceStats] ([Id], [MatchId], [PlayerId], [Appearance], [Goals], [Assists], [YellowCard], [RedCard], [PenaltySaves], [CleanSheet], [PenaltyMissed]) VALUES (87, 7, 9, 1, 0, 0, 0, 0, 0, 0, 0)
INSERT INTO [dbo].[PerformanceStats] ([Id], [MatchId], [PlayerId], [Appearance], [Goals], [Assists], [YellowCard], [RedCard], [PenaltySaves], [CleanSheet], [PenaltyMissed]) VALUES (88, 7, 10, 0, 0, 0, 0, 0, 0, 0, 0)
INSERT INTO [dbo].[PerformanceStats] ([Id], [MatchId], [PlayerId], [Appearance], [Goals], [Assists], [YellowCard], [RedCard], [PenaltySaves], [CleanSheet], [PenaltyMissed]) VALUES (89, 7, 11, 0, 0, 0, 0, 0, 0, 0, 0)
INSERT INTO [dbo].[PerformanceStats] ([Id], [MatchId], [PlayerId], [Appearance], [Goals], [Assists], [YellowCard], [RedCard], [PenaltySaves], [CleanSheet], [PenaltyMissed]) VALUES (90, 7, 12, 0, 0, 0, 0, 0, 0, 0, 0)
INSERT INTO [dbo].[PerformanceStats] ([Id], [MatchId], [PlayerId], [Appearance], [Goals], [Assists], [YellowCard], [RedCard], [PenaltySaves], [CleanSheet], [PenaltyMissed]) VALUES (91, 7, 13, 0, 0, 0, 0, 0, 0, 0, 0)
INSERT INTO [dbo].[PerformanceStats] ([Id], [MatchId], [PlayerId], [Appearance], [Goals], [Assists], [YellowCard], [RedCard], [PenaltySaves], [CleanSheet], [PenaltyMissed]) VALUES (92, 8, 1, 1, 0, 0, 0, 0, 0, 1, 0)
INSERT INTO [dbo].[PerformanceStats] ([Id], [MatchId], [PlayerId], [Appearance], [Goals], [Assists], [YellowCard], [RedCard], [PenaltySaves], [CleanSheet], [PenaltyMissed]) VALUES (93, 8, 2, 0, 0, 0, 0, 0, 0, 0, 0)
INSERT INTO [dbo].[PerformanceStats] ([Id], [MatchId], [PlayerId], [Appearance], [Goals], [Assists], [YellowCard], [RedCard], [PenaltySaves], [CleanSheet], [PenaltyMissed]) VALUES (94, 8, 3, 1, 0, 0, 0, 0, 0, 0, 0)
INSERT INTO [dbo].[PerformanceStats] ([Id], [MatchId], [PlayerId], [Appearance], [Goals], [Assists], [YellowCard], [RedCard], [PenaltySaves], [CleanSheet], [PenaltyMissed]) VALUES (95, 8, 4, 0, 0, 0, 0, 0, 0, 0, 0)
INSERT INTO [dbo].[PerformanceStats] ([Id], [MatchId], [PlayerId], [Appearance], [Goals], [Assists], [YellowCard], [RedCard], [PenaltySaves], [CleanSheet], [PenaltyMissed]) VALUES (96, 8, 5, 1, 1, 0, 0, 0, 0, 0, 0)
INSERT INTO [dbo].[PerformanceStats] ([Id], [MatchId], [PlayerId], [Appearance], [Goals], [Assists], [YellowCard], [RedCard], [PenaltySaves], [CleanSheet], [PenaltyMissed]) VALUES (97, 8, 6, 1, 0, 0, 0, 0, 0, 0, 0)
INSERT INTO [dbo].[PerformanceStats] ([Id], [MatchId], [PlayerId], [Appearance], [Goals], [Assists], [YellowCard], [RedCard], [PenaltySaves], [CleanSheet], [PenaltyMissed]) VALUES (98, 8, 7, 1, 0, 1, 0, 0, 0, 0, 0)
INSERT INTO [dbo].[PerformanceStats] ([Id], [MatchId], [PlayerId], [Appearance], [Goals], [Assists], [YellowCard], [RedCard], [PenaltySaves], [CleanSheet], [PenaltyMissed]) VALUES (99, 8, 8, 0, 0, 0, 0, 0, 0, 0, 0)
INSERT INTO [dbo].[PerformanceStats] ([Id], [MatchId], [PlayerId], [Appearance], [Goals], [Assists], [YellowCard], [RedCard], [PenaltySaves], [CleanSheet], [PenaltyMissed]) VALUES (100, 8, 9, 1, 0, 0, 0, 0, 0, 0, 0)
INSERT INTO [dbo].[PerformanceStats] ([Id], [MatchId], [PlayerId], [Appearance], [Goals], [Assists], [YellowCard], [RedCard], [PenaltySaves], [CleanSheet], [PenaltyMissed]) VALUES (101, 8, 10, 0, 0, 0, 0, 0, 0, 0, 0)
INSERT INTO [dbo].[PerformanceStats] ([Id], [MatchId], [PlayerId], [Appearance], [Goals], [Assists], [YellowCard], [RedCard], [PenaltySaves], [CleanSheet], [PenaltyMissed]) VALUES (102, 8, 11, 0, 0, 0, 0, 0, 0, 0, 0)
INSERT INTO [dbo].[PerformanceStats] ([Id], [MatchId], [PlayerId], [Appearance], [Goals], [Assists], [YellowCard], [RedCard], [PenaltySaves], [CleanSheet], [PenaltyMissed]) VALUES (103, 8, 12, 0, 0, 0, 0, 0, 0, 0, 0)
INSERT INTO [dbo].[PerformanceStats] ([Id], [MatchId], [PlayerId], [Appearance], [Goals], [Assists], [YellowCard], [RedCard], [PenaltySaves], [CleanSheet], [PenaltyMissed]) VALUES (104, 8, 13, 0, 0, 0, 0, 0, 0, 0, 0)
SET IDENTITY_INSERT [dbo].[PerformanceStats] OFF

SET IDENTITY_INSERT [dbo].[UserFantasySelections] ON
INSERT INTO [dbo].[UserFantasySelections] ([Id], [MatchId], [UserId], [Players], [CaptainedPlayerId]) VALUES (1, 1, 1, N'[1,3,4]', 1)
INSERT INTO [dbo].[UserFantasySelections] ([Id], [MatchId], [UserId], [Players], [CaptainedPlayerId]) VALUES (2, 2, 1, N'[5,9,1]', NULL)
INSERT INTO [dbo].[UserFantasySelections] ([Id], [MatchId], [UserId], [Players], [CaptainedPlayerId]) VALUES (3, 3, 1, N'[2,5,3]', NULL)
INSERT INTO [dbo].[UserFantasySelections] ([Id], [MatchId], [UserId], [Players], [CaptainedPlayerId]) VALUES (4, 4, 1, N'[1,3,6]', NULL)
INSERT INTO [dbo].[UserFantasySelections] ([Id], [MatchId], [UserId], [Players], [CaptainedPlayerId]) VALUES (5, 5, 1, N'[7,1,3]', NULL)
INSERT INTO [dbo].[UserFantasySelections] ([Id], [MatchId], [UserId], [Players], [CaptainedPlayerId]) VALUES (6, 6, 1, N'[1,5,3]', NULL)
INSERT INTO [dbo].[UserFantasySelections] ([Id], [MatchId], [UserId], [Players], [CaptainedPlayerId]) VALUES (7, 7, 1, N'[5,6,9]', NULL)
INSERT INTO [dbo].[UserFantasySelections] ([Id], [MatchId], [UserId], [Players], [CaptainedPlayerId]) VALUES (8, 8, 1, N'[5,6,9]', NULL)
INSERT INTO [dbo].[UserFantasySelections] ([Id], [MatchId], [UserId], [Players], [CaptainedPlayerId]) VALUES (9, 1, 3, N'[1,4,3]', 3)
SET IDENTITY_INSERT [dbo].[UserFantasySelections] OFF