SET IDENTITY_INSERT [dbo].[Matches] ON
INSERT INTO [dbo].[Matches] ([Id], [Kickoff], [HomeTeamId], [AwayTeamId], [HomeTeamGoals], [AwayTeamGoals]) VALUES (2, N'2025-03-13 20:30:00', 4, 1, 0, 5)
INSERT INTO [dbo].[Matches] ([Id], [Kickoff], [HomeTeamId], [AwayTeamId], [HomeTeamGoals], [AwayTeamGoals]) VALUES (3, N'2025-03-20 19:00:00', 6, 1, 1, 5)
INSERT INTO [dbo].[Matches] ([Id], [Kickoff], [HomeTeamId], [AwayTeamId], [HomeTeamGoals], [AwayTeamGoals]) VALUES (4, N'2025-03-27 20:30:00', 1, 2, 0, 5)
INSERT INTO [dbo].[Matches] ([Id], [Kickoff], [HomeTeamId], [AwayTeamId], [HomeTeamGoals], [AwayTeamGoals]) VALUES (5, N'2025-04-03 19:30:00', 5, 1, 1, 0)
INSERT INTO [dbo].[Matches] ([Id], [Kickoff], [HomeTeamId], [AwayTeamId], [HomeTeamGoals], [AwayTeamGoals]) VALUES (6, N'2025-04-10 20:00:00', 1, 3, 2, 3)
INSERT INTO [dbo].[Matches] ([Id], [Kickoff], [HomeTeamId], [AwayTeamId], [HomeTeamGoals], [AwayTeamGoals]) VALUES (7, N'2025-04-17 20:00:00', 8, 1, 0, 5)
INSERT INTO [dbo].[Matches] ([Id], [Kickoff], [HomeTeamId], [AwayTeamId], [HomeTeamGoals], [AwayTeamGoals]) VALUES (8, N'2025-04-24 19:00:00', 1, 7, 3, 0)
INSERT INTO [dbo].[Matches] ([Id], [Kickoff], [HomeTeamId], [AwayTeamId], [HomeTeamGoals], [AwayTeamGoals]) VALUES (9, N'2025-05-01 20:30:00', 1, 4, 0, 0)
INSERT INTO [dbo].[Matches] ([Id], [Kickoff], [HomeTeamId], [AwayTeamId], [HomeTeamGoals], [AwayTeamGoals]) VALUES (10, N'2025-04-24 19:30:00', 1, 6, 1, 0)
SET IDENTITY_INSERT [dbo].[Matches] OFF

SET IDENTITY_INSERT [dbo].[PerformanceStats] ON
INSERT INTO [dbo].[PerformanceStats] ([Id], [MatchId], [PlayerId], [Appearance], [Goals], [Assists], [YellowCard], [RedCard], [PenaltySaves], [CleanSheet], [PenaltyMissed]) VALUES (1, 2, 1, 1, 0, 1, 0, 0, 0, 0, 0)
INSERT INTO [dbo].[PerformanceStats] ([Id], [MatchId], [PlayerId], [Appearance], [Goals], [Assists], [YellowCard], [RedCard], [PenaltySaves], [CleanSheet], [PenaltyMissed]) VALUES (2, 2, 2, 0, 0, 0, 0, 0, 0, 0, 0)
INSERT INTO [dbo].[PerformanceStats] ([Id], [MatchId], [PlayerId], [Appearance], [Goals], [Assists], [YellowCard], [RedCard], [PenaltySaves], [CleanSheet], [PenaltyMissed]) VALUES (3, 2, 3, 1, 1, 1, 0, 0, 0, 0, 0)
INSERT INTO [dbo].[PerformanceStats] ([Id], [MatchId], [PlayerId], [Appearance], [Goals], [Assists], [YellowCard], [RedCard], [PenaltySaves], [CleanSheet], [PenaltyMissed]) VALUES (4, 2, 4, 1, 0, 0, 0, 0, 0, 0, 0)
INSERT INTO [dbo].[PerformanceStats] ([Id], [MatchId], [PlayerId], [Appearance], [Goals], [Assists], [YellowCard], [RedCard], [PenaltySaves], [CleanSheet], [PenaltyMissed]) VALUES (5, 2, 5, 1, 2, 0, 0, 0, 0, 0, 0)
INSERT INTO [dbo].[PerformanceStats] ([Id], [MatchId], [PlayerId], [Appearance], [Goals], [Assists], [YellowCard], [RedCard], [PenaltySaves], [CleanSheet], [PenaltyMissed]) VALUES (6, 2, 6, 0, 0, 0, 0, 0, 0, 0, 0)
INSERT INTO [dbo].[PerformanceStats] ([Id], [MatchId], [PlayerId], [Appearance], [Goals], [Assists], [YellowCard], [RedCard], [PenaltySaves], [CleanSheet], [PenaltyMissed]) VALUES (7, 2, 7, 0, 0, 0, 0, 0, 0, 0, 0)
INSERT INTO [dbo].[PerformanceStats] ([Id], [MatchId], [PlayerId], [Appearance], [Goals], [Assists], [YellowCard], [RedCard], [PenaltySaves], [CleanSheet], [PenaltyMissed]) VALUES (8, 2, 8, 0, 0, 0, 0, 0, 0, 0, 0)
INSERT INTO [dbo].[PerformanceStats] ([Id], [MatchId], [PlayerId], [Appearance], [Goals], [Assists], [YellowCard], [RedCard], [PenaltySaves], [CleanSheet], [PenaltyMissed]) VALUES (9, 2, 9, 1, 0, 0, 0, 0, 0, 0, 0)
INSERT INTO [dbo].[PerformanceStats] ([Id], [MatchId], [PlayerId], [Appearance], [Goals], [Assists], [YellowCard], [RedCard], [PenaltySaves], [CleanSheet], [PenaltyMissed]) VALUES (10, 2, 10, 0, 0, 0, 0, 0, 0, 0, 0)
INSERT INTO [dbo].[PerformanceStats] ([Id], [MatchId], [PlayerId], [Appearance], [Goals], [Assists], [YellowCard], [RedCard], [PenaltySaves], [CleanSheet], [PenaltyMissed]) VALUES (11, 2, 11, 0, 0, 0, 0, 0, 0, 0, 0)
INSERT INTO [dbo].[PerformanceStats] ([Id], [MatchId], [PlayerId], [Appearance], [Goals], [Assists], [YellowCard], [RedCard], [PenaltySaves], [CleanSheet], [PenaltyMissed]) VALUES (12, 2, 12, 0, 0, 0, 0, 0, 0, 0, 0)
INSERT INTO [dbo].[PerformanceStats] ([Id], [MatchId], [PlayerId], [Appearance], [Goals], [Assists], [YellowCard], [RedCard], [PenaltySaves], [CleanSheet], [PenaltyMissed]) VALUES (13, 2, 13, 1, 0, 1, 0, 0, 0, 0, 0)
INSERT INTO [dbo].[PerformanceStats] ([Id], [MatchId], [PlayerId], [Appearance], [Goals], [Assists], [YellowCard], [RedCard], [PenaltySaves], [CleanSheet], [PenaltyMissed]) VALUES (14, 3, 1, 1, 0, 0, 0, 0, 0, 0, 0)
INSERT INTO [dbo].[PerformanceStats] ([Id], [MatchId], [PlayerId], [Appearance], [Goals], [Assists], [YellowCard], [RedCard], [PenaltySaves], [CleanSheet], [PenaltyMissed]) VALUES (15, 3, 2, 0, 0, 0, 0, 0, 0, 0, 0)
INSERT INTO [dbo].[PerformanceStats] ([Id], [MatchId], [PlayerId], [Appearance], [Goals], [Assists], [YellowCard], [RedCard], [PenaltySaves], [CleanSheet], [PenaltyMissed]) VALUES (16, 3, 3, 1, 2, 1, 0, 0, 0, 0, 0)
INSERT INTO [dbo].[PerformanceStats] ([Id], [MatchId], [PlayerId], [Appearance], [Goals], [Assists], [YellowCard], [RedCard], [PenaltySaves], [CleanSheet], [PenaltyMissed]) VALUES (17, 3, 4, 1, 1, 1, 0, 0, 0, 0, 0)
INSERT INTO [dbo].[PerformanceStats] ([Id], [MatchId], [PlayerId], [Appearance], [Goals], [Assists], [YellowCard], [RedCard], [PenaltySaves], [CleanSheet], [PenaltyMissed]) VALUES (18, 3, 5, 0, 0, 0, 0, 0, 0, 0, 0)
INSERT INTO [dbo].[PerformanceStats] ([Id], [MatchId], [PlayerId], [Appearance], [Goals], [Assists], [YellowCard], [RedCard], [PenaltySaves], [CleanSheet], [PenaltyMissed]) VALUES (19, 3, 6, 0, 0, 0, 0, 0, 0, 0, 0)
INSERT INTO [dbo].[PerformanceStats] ([Id], [MatchId], [PlayerId], [Appearance], [Goals], [Assists], [YellowCard], [RedCard], [PenaltySaves], [CleanSheet], [PenaltyMissed]) VALUES (20, 3, 7, 0, 0, 0, 0, 0, 0, 0, 0)
INSERT INTO [dbo].[PerformanceStats] ([Id], [MatchId], [PlayerId], [Appearance], [Goals], [Assists], [YellowCard], [RedCard], [PenaltySaves], [CleanSheet], [PenaltyMissed]) VALUES (21, 3, 8, 0, 0, 0, 0, 0, 0, 0, 0)
INSERT INTO [dbo].[PerformanceStats] ([Id], [MatchId], [PlayerId], [Appearance], [Goals], [Assists], [YellowCard], [RedCard], [PenaltySaves], [CleanSheet], [PenaltyMissed]) VALUES (22, 3, 9, 1, 1, 1, 0, 0, 0, 0, 0)
INSERT INTO [dbo].[PerformanceStats] ([Id], [MatchId], [PlayerId], [Appearance], [Goals], [Assists], [YellowCard], [RedCard], [PenaltySaves], [CleanSheet], [PenaltyMissed]) VALUES (23, 3, 10, 0, 0, 0, 0, 0, 0, 0, 0)
INSERT INTO [dbo].[PerformanceStats] ([Id], [MatchId], [PlayerId], [Appearance], [Goals], [Assists], [YellowCard], [RedCard], [PenaltySaves], [CleanSheet], [PenaltyMissed]) VALUES (24, 3, 11, 0, 0, 0, 0, 0, 0, 0, 0)
INSERT INTO [dbo].[PerformanceStats] ([Id], [MatchId], [PlayerId], [Appearance], [Goals], [Assists], [YellowCard], [RedCard], [PenaltySaves], [CleanSheet], [PenaltyMissed]) VALUES (25, 3, 12, 0, 0, 0, 0, 0, 0, 0, 0)
INSERT INTO [dbo].[PerformanceStats] ([Id], [MatchId], [PlayerId], [Appearance], [Goals], [Assists], [YellowCard], [RedCard], [PenaltySaves], [CleanSheet], [PenaltyMissed]) VALUES (26, 3, 13, 1, 1, 1, 0, 0, 0, 0, 0)
INSERT INTO [dbo].[PerformanceStats] ([Id], [MatchId], [PlayerId], [Appearance], [Goals], [Assists], [YellowCard], [RedCard], [PenaltySaves], [CleanSheet], [PenaltyMissed]) VALUES (27, 4, 1, 1, 0, 0, 0, 0, 0, 0, 0)
INSERT INTO [dbo].[PerformanceStats] ([Id], [MatchId], [PlayerId], [Appearance], [Goals], [Assists], [YellowCard], [RedCard], [PenaltySaves], [CleanSheet], [PenaltyMissed]) VALUES (28, 4, 2, 1, 0, 0, 0, 0, 0, 0, 0)
INSERT INTO [dbo].[PerformanceStats] ([Id], [MatchId], [PlayerId], [Appearance], [Goals], [Assists], [YellowCard], [RedCard], [PenaltySaves], [CleanSheet], [PenaltyMissed]) VALUES (29, 4, 3, 1, 0, 1, 0, 0, 0, 0, 0)
INSERT INTO [dbo].[PerformanceStats] ([Id], [MatchId], [PlayerId], [Appearance], [Goals], [Assists], [YellowCard], [RedCard], [PenaltySaves], [CleanSheet], [PenaltyMissed]) VALUES (30, 4, 4, 1, 1, 0, 0, 0, 0, 0, 0)
INSERT INTO [dbo].[PerformanceStats] ([Id], [MatchId], [PlayerId], [Appearance], [Goals], [Assists], [YellowCard], [RedCard], [PenaltySaves], [CleanSheet], [PenaltyMissed]) VALUES (31, 4, 5, 0, 0, 0, 0, 0, 0, 0, 0)
INSERT INTO [dbo].[PerformanceStats] ([Id], [MatchId], [PlayerId], [Appearance], [Goals], [Assists], [YellowCard], [RedCard], [PenaltySaves], [CleanSheet], [PenaltyMissed]) VALUES (32, 4, 6, 1, 0, 0, 0, 0, 0, 0, 0)
INSERT INTO [dbo].[PerformanceStats] ([Id], [MatchId], [PlayerId], [Appearance], [Goals], [Assists], [YellowCard], [RedCard], [PenaltySaves], [CleanSheet], [PenaltyMissed]) VALUES (33, 4, 7, 0, 0, 0, 0, 0, 0, 0, 0)
INSERT INTO [dbo].[PerformanceStats] ([Id], [MatchId], [PlayerId], [Appearance], [Goals], [Assists], [YellowCard], [RedCard], [PenaltySaves], [CleanSheet], [PenaltyMissed]) VALUES (34, 4, 8, 0, 0, 0, 0, 0, 0, 0, 0)
INSERT INTO [dbo].[PerformanceStats] ([Id], [MatchId], [PlayerId], [Appearance], [Goals], [Assists], [YellowCard], [RedCard], [PenaltySaves], [CleanSheet], [PenaltyMissed]) VALUES (35, 4, 9, 0, 0, 0, 0, 0, 0, 0, 0)
INSERT INTO [dbo].[PerformanceStats] ([Id], [MatchId], [PlayerId], [Appearance], [Goals], [Assists], [YellowCard], [RedCard], [PenaltySaves], [CleanSheet], [PenaltyMissed]) VALUES (36, 4, 10, 0, 0, 0, 0, 0, 0, 0, 0)
INSERT INTO [dbo].[PerformanceStats] ([Id], [MatchId], [PlayerId], [Appearance], [Goals], [Assists], [YellowCard], [RedCard], [PenaltySaves], [CleanSheet], [PenaltyMissed]) VALUES (37, 4, 11, 1, 0, 0, 0, 0, 0, 0, 0)
INSERT INTO [dbo].[PerformanceStats] ([Id], [MatchId], [PlayerId], [Appearance], [Goals], [Assists], [YellowCard], [RedCard], [PenaltySaves], [CleanSheet], [PenaltyMissed]) VALUES (38, 4, 12, 1, 0, 0, 0, 0, 0, 0, 0)
INSERT INTO [dbo].[PerformanceStats] ([Id], [MatchId], [PlayerId], [Appearance], [Goals], [Assists], [YellowCard], [RedCard], [PenaltySaves], [CleanSheet], [PenaltyMissed]) VALUES (39, 4, 13, 0, 0, 0, 0, 0, 0, 0, 0)
INSERT INTO [dbo].[PerformanceStats] ([Id], [MatchId], [PlayerId], [Appearance], [Goals], [Assists], [YellowCard], [RedCard], [PenaltySaves], [CleanSheet], [PenaltyMissed]) VALUES (40, 5, 1, 1, 0, 0, 0, 0, 0, 0, 0)
INSERT INTO [dbo].[PerformanceStats] ([Id], [MatchId], [PlayerId], [Appearance], [Goals], [Assists], [YellowCard], [RedCard], [PenaltySaves], [CleanSheet], [PenaltyMissed]) VALUES (41, 5, 2, 0, 0, 0, 0, 0, 0, 0, 0)
INSERT INTO [dbo].[PerformanceStats] ([Id], [MatchId], [PlayerId], [Appearance], [Goals], [Assists], [YellowCard], [RedCard], [PenaltySaves], [CleanSheet], [PenaltyMissed]) VALUES (42, 5, 3, 1, 0, 0, 0, 0, 0, 0, 0)
INSERT INTO [dbo].[PerformanceStats] ([Id], [MatchId], [PlayerId], [Appearance], [Goals], [Assists], [YellowCard], [RedCard], [PenaltySaves], [CleanSheet], [PenaltyMissed]) VALUES (43, 5, 4, 1, 0, 0, 0, 0, 0, 0, 0)
INSERT INTO [dbo].[PerformanceStats] ([Id], [MatchId], [PlayerId], [Appearance], [Goals], [Assists], [YellowCard], [RedCard], [PenaltySaves], [CleanSheet], [PenaltyMissed]) VALUES (44, 5, 5, 1, 0, 0, 0, 0, 0, 0, 0)
INSERT INTO [dbo].[PerformanceStats] ([Id], [MatchId], [PlayerId], [Appearance], [Goals], [Assists], [YellowCard], [RedCard], [PenaltySaves], [CleanSheet], [PenaltyMissed]) VALUES (45, 5, 6, 1, 0, 0, 1, 0, 0, 0, 0)
INSERT INTO [dbo].[PerformanceStats] ([Id], [MatchId], [PlayerId], [Appearance], [Goals], [Assists], [YellowCard], [RedCard], [PenaltySaves], [CleanSheet], [PenaltyMissed]) VALUES (46, 5, 7, 0, 0, 0, 0, 0, 0, 0, 0)
INSERT INTO [dbo].[PerformanceStats] ([Id], [MatchId], [PlayerId], [Appearance], [Goals], [Assists], [YellowCard], [RedCard], [PenaltySaves], [CleanSheet], [PenaltyMissed]) VALUES (47, 5, 8, 0, 0, 0, 0, 0, 0, 0, 0)
INSERT INTO [dbo].[PerformanceStats] ([Id], [MatchId], [PlayerId], [Appearance], [Goals], [Assists], [YellowCard], [RedCard], [PenaltySaves], [CleanSheet], [PenaltyMissed]) VALUES (48, 5, 9, 1, 0, 0, 0, 0, 0, 0, 0)
INSERT INTO [dbo].[PerformanceStats] ([Id], [MatchId], [PlayerId], [Appearance], [Goals], [Assists], [YellowCard], [RedCard], [PenaltySaves], [CleanSheet], [PenaltyMissed]) VALUES (49, 5, 10, 0, 0, 0, 0, 0, 0, 0, 0)
INSERT INTO [dbo].[PerformanceStats] ([Id], [MatchId], [PlayerId], [Appearance], [Goals], [Assists], [YellowCard], [RedCard], [PenaltySaves], [CleanSheet], [PenaltyMissed]) VALUES (50, 5, 11, 0, 0, 0, 0, 0, 0, 0, 0)
INSERT INTO [dbo].[PerformanceStats] ([Id], [MatchId], [PlayerId], [Appearance], [Goals], [Assists], [YellowCard], [RedCard], [PenaltySaves], [CleanSheet], [PenaltyMissed]) VALUES (51, 5, 12, 1, 0, 0, 0, 0, 0, 0, 0)
INSERT INTO [dbo].[PerformanceStats] ([Id], [MatchId], [PlayerId], [Appearance], [Goals], [Assists], [YellowCard], [RedCard], [PenaltySaves], [CleanSheet], [PenaltyMissed]) VALUES (52, 5, 13, 0, 0, 0, 0, 0, 0, 0, 0)
INSERT INTO [dbo].[PerformanceStats] ([Id], [MatchId], [PlayerId], [Appearance], [Goals], [Assists], [YellowCard], [RedCard], [PenaltySaves], [CleanSheet], [PenaltyMissed]) VALUES (53, 6, 1, 1, 0, 0, 0, 0, 0, 0, 0)
INSERT INTO [dbo].[PerformanceStats] ([Id], [MatchId], [PlayerId], [Appearance], [Goals], [Assists], [YellowCard], [RedCard], [PenaltySaves], [CleanSheet], [PenaltyMissed]) VALUES (54, 6, 2, 0, 0, 0, 0, 0, 0, 0, 0)
INSERT INTO [dbo].[PerformanceStats] ([Id], [MatchId], [PlayerId], [Appearance], [Goals], [Assists], [YellowCard], [RedCard], [PenaltySaves], [CleanSheet], [PenaltyMissed]) VALUES (55, 6, 3, 1, 0, 0, 0, 0, 0, 0, 0)
INSERT INTO [dbo].[PerformanceStats] ([Id], [MatchId], [PlayerId], [Appearance], [Goals], [Assists], [YellowCard], [RedCard], [PenaltySaves], [CleanSheet], [PenaltyMissed]) VALUES (56, 6, 4, 0, 0, 0, 0, 0, 0, 0, 0)
INSERT INTO [dbo].[PerformanceStats] ([Id], [MatchId], [PlayerId], [Appearance], [Goals], [Assists], [YellowCard], [RedCard], [PenaltySaves], [CleanSheet], [PenaltyMissed]) VALUES (57, 6, 5, 1, 1, 0, 0, 0, 0, 0, 0)
INSERT INTO [dbo].[PerformanceStats] ([Id], [MatchId], [PlayerId], [Appearance], [Goals], [Assists], [YellowCard], [RedCard], [PenaltySaves], [CleanSheet], [PenaltyMissed]) VALUES (58, 6, 6, 1, 1, 0, 0, 0, 0, 0, 0)
INSERT INTO [dbo].[PerformanceStats] ([Id], [MatchId], [PlayerId], [Appearance], [Goals], [Assists], [YellowCard], [RedCard], [PenaltySaves], [CleanSheet], [PenaltyMissed]) VALUES (59, 6, 7, 1, 0, 1, 0, 0, 0, 0, 0)
INSERT INTO [dbo].[PerformanceStats] ([Id], [MatchId], [PlayerId], [Appearance], [Goals], [Assists], [YellowCard], [RedCard], [PenaltySaves], [CleanSheet], [PenaltyMissed]) VALUES (60, 6, 8, 0, 0, 0, 0, 0, 0, 0, 0)
INSERT INTO [dbo].[PerformanceStats] ([Id], [MatchId], [PlayerId], [Appearance], [Goals], [Assists], [YellowCard], [RedCard], [PenaltySaves], [CleanSheet], [PenaltyMissed]) VALUES (61, 6, 9, 1, 0, 1, 0, 0, 0, 0, 0)
INSERT INTO [dbo].[PerformanceStats] ([Id], [MatchId], [PlayerId], [Appearance], [Goals], [Assists], [YellowCard], [RedCard], [PenaltySaves], [CleanSheet], [PenaltyMissed]) VALUES (62, 6, 10, 0, 0, 0, 0, 0, 0, 0, 0)
INSERT INTO [dbo].[PerformanceStats] ([Id], [MatchId], [PlayerId], [Appearance], [Goals], [Assists], [YellowCard], [RedCard], [PenaltySaves], [CleanSheet], [PenaltyMissed]) VALUES (63, 6, 11, 0, 0, 0, 0, 0, 0, 0, 0)
INSERT INTO [dbo].[PerformanceStats] ([Id], [MatchId], [PlayerId], [Appearance], [Goals], [Assists], [YellowCard], [RedCard], [PenaltySaves], [CleanSheet], [PenaltyMissed]) VALUES (64, 6, 12, 0, 0, 0, 0, 0, 0, 0, 0)
INSERT INTO [dbo].[PerformanceStats] ([Id], [MatchId], [PlayerId], [Appearance], [Goals], [Assists], [YellowCard], [RedCard], [PenaltySaves], [CleanSheet], [PenaltyMissed]) VALUES (65, 6, 13, 0, 0, 0, 0, 0, 0, 0, 0)
INSERT INTO [dbo].[PerformanceStats] ([Id], [MatchId], [PlayerId], [Appearance], [Goals], [Assists], [YellowCard], [RedCard], [PenaltySaves], [CleanSheet], [PenaltyMissed]) VALUES (66, 7, 1, 1, 0, 1, 0, 0, 1, 1, 0)
INSERT INTO [dbo].[PerformanceStats] ([Id], [MatchId], [PlayerId], [Appearance], [Goals], [Assists], [YellowCard], [RedCard], [PenaltySaves], [CleanSheet], [PenaltyMissed]) VALUES (67, 7, 2, 0, 0, 0, 0, 0, 0, 0, 0)
INSERT INTO [dbo].[PerformanceStats] ([Id], [MatchId], [PlayerId], [Appearance], [Goals], [Assists], [YellowCard], [RedCard], [PenaltySaves], [CleanSheet], [PenaltyMissed]) VALUES (68, 7, 3, 1, 0, 1, 0, 0, 0, 0, 0)
INSERT INTO [dbo].[PerformanceStats] ([Id], [MatchId], [PlayerId], [Appearance], [Goals], [Assists], [YellowCard], [RedCard], [PenaltySaves], [CleanSheet], [PenaltyMissed]) VALUES (69, 7, 4, 0, 0, 0, 0, 0, 0, 0, 0)
INSERT INTO [dbo].[PerformanceStats] ([Id], [MatchId], [PlayerId], [Appearance], [Goals], [Assists], [YellowCard], [RedCard], [PenaltySaves], [CleanSheet], [PenaltyMissed]) VALUES (70, 7, 5, 1, 2, 0, 0, 0, 0, 0, 0)
INSERT INTO [dbo].[PerformanceStats] ([Id], [MatchId], [PlayerId], [Appearance], [Goals], [Assists], [YellowCard], [RedCard], [PenaltySaves], [CleanSheet], [PenaltyMissed]) VALUES (71, 7, 6, 0, 0, 0, 0, 0, 0, 0, 0)
INSERT INTO [dbo].[PerformanceStats] ([Id], [MatchId], [PlayerId], [Appearance], [Goals], [Assists], [YellowCard], [RedCard], [PenaltySaves], [CleanSheet], [PenaltyMissed]) VALUES (72, 7, 7, 1, 0, 0, 0, 0, 0, 0, 0)
INSERT INTO [dbo].[PerformanceStats] ([Id], [MatchId], [PlayerId], [Appearance], [Goals], [Assists], [YellowCard], [RedCard], [PenaltySaves], [CleanSheet], [PenaltyMissed]) VALUES (73, 7, 8, 1, 0, 0, 0, 0, 0, 0, 0)
INSERT INTO [dbo].[PerformanceStats] ([Id], [MatchId], [PlayerId], [Appearance], [Goals], [Assists], [YellowCard], [RedCard], [PenaltySaves], [CleanSheet], [PenaltyMissed]) VALUES (74, 7, 9, 1, 0, 0, 0, 0, 0, 0, 0)
INSERT INTO [dbo].[PerformanceStats] ([Id], [MatchId], [PlayerId], [Appearance], [Goals], [Assists], [YellowCard], [RedCard], [PenaltySaves], [CleanSheet], [PenaltyMissed]) VALUES (75, 7, 10, 0, 0, 0, 0, 0, 0, 0, 0)
INSERT INTO [dbo].[PerformanceStats] ([Id], [MatchId], [PlayerId], [Appearance], [Goals], [Assists], [YellowCard], [RedCard], [PenaltySaves], [CleanSheet], [PenaltyMissed]) VALUES (76, 7, 11, 0, 0, 0, 0, 0, 0, 0, 0)
INSERT INTO [dbo].[PerformanceStats] ([Id], [MatchId], [PlayerId], [Appearance], [Goals], [Assists], [YellowCard], [RedCard], [PenaltySaves], [CleanSheet], [PenaltyMissed]) VALUES (77, 7, 12, 0, 0, 0, 0, 0, 0, 0, 0)
INSERT INTO [dbo].[PerformanceStats] ([Id], [MatchId], [PlayerId], [Appearance], [Goals], [Assists], [YellowCard], [RedCard], [PenaltySaves], [CleanSheet], [PenaltyMissed]) VALUES (78, 7, 13, 0, 0, 0, 0, 0, 0, 0, 0)
INSERT INTO [dbo].[PerformanceStats] ([Id], [MatchId], [PlayerId], [Appearance], [Goals], [Assists], [YellowCard], [RedCard], [PenaltySaves], [CleanSheet], [PenaltyMissed]) VALUES (79, 8, 1, 1, 0, 0, 0, 0, 0, 1, 0)
INSERT INTO [dbo].[PerformanceStats] ([Id], [MatchId], [PlayerId], [Appearance], [Goals], [Assists], [YellowCard], [RedCard], [PenaltySaves], [CleanSheet], [PenaltyMissed]) VALUES (80, 8, 2, 0, 0, 0, 0, 0, 0, 0, 0)
INSERT INTO [dbo].[PerformanceStats] ([Id], [MatchId], [PlayerId], [Appearance], [Goals], [Assists], [YellowCard], [RedCard], [PenaltySaves], [CleanSheet], [PenaltyMissed]) VALUES (81, 8, 3, 1, 1, 1, 0, 0, 0, 0, 0)
INSERT INTO [dbo].[PerformanceStats] ([Id], [MatchId], [PlayerId], [Appearance], [Goals], [Assists], [YellowCard], [RedCard], [PenaltySaves], [CleanSheet], [PenaltyMissed]) VALUES (82, 8, 4, 0, 0, 0, 0, 0, 0, 0, 0)
INSERT INTO [dbo].[PerformanceStats] ([Id], [MatchId], [PlayerId], [Appearance], [Goals], [Assists], [YellowCard], [RedCard], [PenaltySaves], [CleanSheet], [PenaltyMissed]) VALUES (83, 8, 5, 1, 1, 0, 0, 0, 0, 0, 0)
INSERT INTO [dbo].[PerformanceStats] ([Id], [MatchId], [PlayerId], [Appearance], [Goals], [Assists], [YellowCard], [RedCard], [PenaltySaves], [CleanSheet], [PenaltyMissed]) VALUES (84, 8, 6, 1, 1, 1, 0, 0, 0, 0, 0)
INSERT INTO [dbo].[PerformanceStats] ([Id], [MatchId], [PlayerId], [Appearance], [Goals], [Assists], [YellowCard], [RedCard], [PenaltySaves], [CleanSheet], [PenaltyMissed]) VALUES (85, 8, 7, 1, 0, 1, 0, 0, 0, 0, 0)
INSERT INTO [dbo].[PerformanceStats] ([Id], [MatchId], [PlayerId], [Appearance], [Goals], [Assists], [YellowCard], [RedCard], [PenaltySaves], [CleanSheet], [PenaltyMissed]) VALUES (86, 8, 8, 0, 0, 0, 0, 0, 0, 0, 0)
INSERT INTO [dbo].[PerformanceStats] ([Id], [MatchId], [PlayerId], [Appearance], [Goals], [Assists], [YellowCard], [RedCard], [PenaltySaves], [CleanSheet], [PenaltyMissed]) VALUES (87, 8, 9, 1, 0, 0, 0, 0, 0, 0, 0)
INSERT INTO [dbo].[PerformanceStats] ([Id], [MatchId], [PlayerId], [Appearance], [Goals], [Assists], [YellowCard], [RedCard], [PenaltySaves], [CleanSheet], [PenaltyMissed]) VALUES (88, 8, 10, 0, 0, 0, 0, 0, 0, 0, 0)
INSERT INTO [dbo].[PerformanceStats] ([Id], [MatchId], [PlayerId], [Appearance], [Goals], [Assists], [YellowCard], [RedCard], [PenaltySaves], [CleanSheet], [PenaltyMissed]) VALUES (89, 8, 11, 0, 0, 0, 0, 0, 0, 0, 0)
INSERT INTO [dbo].[PerformanceStats] ([Id], [MatchId], [PlayerId], [Appearance], [Goals], [Assists], [YellowCard], [RedCard], [PenaltySaves], [CleanSheet], [PenaltyMissed]) VALUES (90, 8, 12, 0, 0, 0, 0, 0, 0, 0, 0)
INSERT INTO [dbo].[PerformanceStats] ([Id], [MatchId], [PlayerId], [Appearance], [Goals], [Assists], [YellowCard], [RedCard], [PenaltySaves], [CleanSheet], [PenaltyMissed]) VALUES (91, 8, 13, 0, 0, 0, 0, 0, 0, 0, 0)
INSERT INTO [dbo].[PerformanceStats] ([Id], [MatchId], [PlayerId], [Appearance], [Goals], [Assists], [YellowCard], [RedCard], [PenaltySaves], [CleanSheet], [PenaltyMissed]) VALUES (92, 10, 1, 1, 0, 0, 0, 0, 0, 1, 0)
INSERT INTO [dbo].[PerformanceStats] ([Id], [MatchId], [PlayerId], [Appearance], [Goals], [Assists], [YellowCard], [RedCard], [PenaltySaves], [CleanSheet], [PenaltyMissed]) VALUES (93, 10, 2, 0, 0, 0, 0, 0, 0, 0, 0)
INSERT INTO [dbo].[PerformanceStats] ([Id], [MatchId], [PlayerId], [Appearance], [Goals], [Assists], [YellowCard], [RedCard], [PenaltySaves], [CleanSheet], [PenaltyMissed]) VALUES (94, 10, 3, 1, 0, 0, 0, 0, 0, 0, 0)
INSERT INTO [dbo].[PerformanceStats] ([Id], [MatchId], [PlayerId], [Appearance], [Goals], [Assists], [YellowCard], [RedCard], [PenaltySaves], [CleanSheet], [PenaltyMissed]) VALUES (95, 10, 4, 0, 0, 0, 0, 0, 0, 0, 0)
INSERT INTO [dbo].[PerformanceStats] ([Id], [MatchId], [PlayerId], [Appearance], [Goals], [Assists], [YellowCard], [RedCard], [PenaltySaves], [CleanSheet], [PenaltyMissed]) VALUES (96, 10, 5, 1, 1, 0, 0, 0, 0, 0, 0)
INSERT INTO [dbo].[PerformanceStats] ([Id], [MatchId], [PlayerId], [Appearance], [Goals], [Assists], [YellowCard], [RedCard], [PenaltySaves], [CleanSheet], [PenaltyMissed]) VALUES (97, 10, 6, 1, 0, 0, 0, 0, 0, 0, 0)
INSERT INTO [dbo].[PerformanceStats] ([Id], [MatchId], [PlayerId], [Appearance], [Goals], [Assists], [YellowCard], [RedCard], [PenaltySaves], [CleanSheet], [PenaltyMissed]) VALUES (98, 10, 7, 1, 0, 1, 0, 0, 0, 0, 0)
INSERT INTO [dbo].[PerformanceStats] ([Id], [MatchId], [PlayerId], [Appearance], [Goals], [Assists], [YellowCard], [RedCard], [PenaltySaves], [CleanSheet], [PenaltyMissed]) VALUES (99, 10, 8, 0, 0, 0, 0, 0, 0, 0, 0)
INSERT INTO [dbo].[PerformanceStats] ([Id], [MatchId], [PlayerId], [Appearance], [Goals], [Assists], [YellowCard], [RedCard], [PenaltySaves], [CleanSheet], [PenaltyMissed]) VALUES (100, 10, 9, 1, 0, 0, 0, 0, 0, 0, 0)
INSERT INTO [dbo].[PerformanceStats] ([Id], [MatchId], [PlayerId], [Appearance], [Goals], [Assists], [YellowCard], [RedCard], [PenaltySaves], [CleanSheet], [PenaltyMissed]) VALUES (101, 10, 10, 0, 0, 0, 0, 0, 0, 0, 0)
INSERT INTO [dbo].[PerformanceStats] ([Id], [MatchId], [PlayerId], [Appearance], [Goals], [Assists], [YellowCard], [RedCard], [PenaltySaves], [CleanSheet], [PenaltyMissed]) VALUES (102, 10, 11, 0, 0, 0, 0, 0, 0, 0, 0)
INSERT INTO [dbo].[PerformanceStats] ([Id], [MatchId], [PlayerId], [Appearance], [Goals], [Assists], [YellowCard], [RedCard], [PenaltySaves], [CleanSheet], [PenaltyMissed]) VALUES (103, 10, 12, 0, 0, 0, 0, 0, 0, 0, 0)
INSERT INTO [dbo].[PerformanceStats] ([Id], [MatchId], [PlayerId], [Appearance], [Goals], [Assists], [YellowCard], [RedCard], [PenaltySaves], [CleanSheet], [PenaltyMissed]) VALUES (104, 10, 13, 0, 0, 0, 0, 0, 0, 0, 0)
SET IDENTITY_INSERT [dbo].[PerformanceStats] OFF

SET IDENTITY_INSERT [dbo].[Players] ON
INSERT INTO [dbo].[Players] ([Id], [Name], [Position], [TeamId]) VALUES (1, N'Jake Heaney', N'GK', 1)
INSERT INTO [dbo].[Players] ([Id], [Name], [Position], [TeamId]) VALUES (2, N'George Turner', N'FWD', 1)
INSERT INTO [dbo].[Players] ([Id], [Name], [Position], [TeamId]) VALUES (3, N'Harry Garthwaite', N'FWD', 1)
INSERT INTO [dbo].[Players] ([Id], [Name], [Position], [TeamId]) VALUES (4, N'David Price', N'DEF', 1)
INSERT INTO [dbo].[Players] ([Id], [Name], [Position], [TeamId]) VALUES (5, N'Andy Cooling', N'MID', 1)
INSERT INTO [dbo].[Players] ([Id], [Name], [Position], [TeamId]) VALUES (6, N'Luke Sams', N'MID', 1)
INSERT INTO [dbo].[Players] ([Id], [Name], [Position], [TeamId]) VALUES (7, N'Paul Durney', N'DEF', 1)
INSERT INTO [dbo].[Players] ([Id], [Name], [Position], [TeamId]) VALUES (8, N'Matt Turner', N'DEF', 1)
INSERT INTO [dbo].[Players] ([Id], [Name], [Position], [TeamId]) VALUES (9, N'Iain Beddow', N'MID', 1)
INSERT INTO [dbo].[Players] ([Id], [Name], [Position], [TeamId]) VALUES (10, N'Ed', N'FWD', 1)
INSERT INTO [dbo].[Players] ([Id], [Name], [Position], [TeamId]) VALUES (11, N'Ben Davies', N'FWD', 1)
INSERT INTO [dbo].[Players] ([Id], [Name], [Position], [TeamId]) VALUES (12, N'Joe ?', N'FWD', 1)
INSERT INTO [dbo].[Players] ([Id], [Name], [Position], [TeamId]) VALUES (13, N'Ringer', N'MID', 1)
SET IDENTITY_INSERT [dbo].[Players] OFF

SET IDENTITY_INSERT [dbo].[Teams] ON
INSERT INTO [dbo].[Teams] ([Id], [Name]) VALUES (1, N'Oswestry FC')
INSERT INTO [dbo].[Teams] ([Id], [Name]) VALUES (2, N'Los Perros')
INSERT INTO [dbo].[Teams] ([Id], [Name]) VALUES (3, N'TwoFourNine')
INSERT INTO [dbo].[Teams] ([Id], [Name]) VALUES (4, N'Sale FC')
INSERT INTO [dbo].[Teams] ([Id], [Name]) VALUES (5, N'Brow Boys')
INSERT INTO [dbo].[Teams] ([Id], [Name]) VALUES (6, N'Bin Slippers')
INSERT INTO [dbo].[Teams] ([Id], [Name]) VALUES (7, N'Stamford Rejects')
INSERT INTO [dbo].[Teams] ([Id], [Name]) VALUES (8, N'Points Match')
SET IDENTITY_INSERT [dbo].[Teams] OFF

SET IDENTITY_INSERT [dbo].[Users] ON
INSERT INTO [dbo].[Users] ([Id], [Username], [PasswordHash], [PlayerId], [TeamId]) VALUES (1, N'JakeH', N'7NcYcNGWMxapfjrDQIyYNa2M8PPBvHA1J8MCZVNPda4=', 1, 1)
SET IDENTITY_INSERT [dbo].[Users] OFF